Feature,Importance
HDF,0.2828592508842202
OSF,0.21086427723922269
PWF,0.17736871091613046
TWF,0.11527268361465766
Torque [Nm],0.08302659012147118
Rotational speed [rpm],0.05521716597240802
Tool wear [min],0.03410320547161979
Air temperature [K],0.020751454469362867
Process temperature [K],0.015422280090919817
Type_L,0.0027852603698334468
Type_M,0.0019193293208411755
RNF,0.00040979152931287923
